brand_name,model,price,rating,has_5g,has_nfc,has_ir_blaster,processor_brand,num_cores,processor_speed,battery_capacity,fast_charging_available,fast_charging,ram_capacity,internal_memory,screen_size,refresh_rate,num_rear_cameras,num_front_cameras,os,primary_camera_rear,primary_camera_front,extended_memory_available,extended_upto,resolution_width,resolution_height
oneplus,"OnePlus 11 5G",54999,89,True,True,False,snapdragon,8,3.2,5000,1,100.0,12,256,6.7,120,3,1,android,50,16,0,,1440,3216
oneplus,"OnePlus Nord CE 2 Lite 5G",19989,81,True,False,False,snapdragon,8,2.2,5000,1,33.0,6,128,6.59,120,3,1,android,64,16,1,1024.0,1080,2412
samsung,"Samsung Galaxy A14 5G",16499,75,True,False,False,exynos,8,2.4,5000,1,15.0,4,64,6.6,90,3,1,android,50,13,1,1024.0,1080,2408
motorola,"Motorola Moto G62 5G",14999,81,True,False,False,snapdragon,8,2.2,5000,1,,6,128,6.55,120,3,1,android,50,16,1,1024.0,1080,2400
samsung,"Samsung Galaxy F23 5G (6GB RAM + 128GB)",16999,80,True,True,False,snapdragon,8,2.2,5000,1,25.0,6,128,6.6,120,3,1,android,50,8,1,1024.0,1080,2408
apple,"Apple iPhone 14",65999,81,True,True,False,bionic,6,3.22,3279,1,,6,128,6.1,60,2,1,ios,12,12,0,,1170,2532
nothing,"Nothing Phone 1",26749,85,True,True,False,snapdragon,8,2.5,4500,1,33.0,8,128,6.55,120,2,1,android,50,16,0,,1080,2400
realme,"Realme 10 Pro",18999,82,True,False,False,snapdragon,8,2.2,5000,1,33.0,6,128,6.72,120,2,1,android,108,16,1,1024.0,1080,2400
vivo,"Vivo T1 5G (6GB RAM + 128GB)",16990,80,True,False,False,snapdragon,8,2.2,5000,1,18.0,6,128,6.58,120,3,1,android,50,16,1,1024.0,1080,2408
samsung,"Samsung Galaxy S23 Ultra 5G",114990,0,True,True,False,snapdragon,8,3.2,5000,1,45.0,8,256,6.8,120,4,1,android,200,12,0,,1440,3088
apple,"Apple iPhone 13",62999,79,True,True,False,bionic,6,3.22,3240,1,,4,128,6.1,60,2,1,ios,12,12,0,,1170,2532
oppo,"OPPO Reno 9 Pro Plus",45999,86,True,True,False,snapdragon,8,3.2,4700,1,80.0,16,256,6.7,120,3,1,android,50,32,0,,1080,2412
oneplus,"OnePlus 11R",39999,85,True,True,False,snapdragon,8,3.2,5000,1,100.0,8,128,6.7,120,3,1,android,50,16,0,,1080,2412
poco,"Poco X4 Pro 5G",14999,80,True,False,True,snapdragon,8,2.2,5000,1,67.0,6,64,6.67,120,3,1,android,64,16,1,1024.0,1080,2400
xiaomi,"Xiaomi Redmi Note 12",17859,76,True,False,True,snapdragon,8,2,5000,1,33.0,4,128,6.67,120,3,1,android,48,13,1,1024.0,1080,2400
samsung,"Samsung Galaxy S20 FE 5G",31239,88,True,True,False,snapdragon,8,2.84,4500,1,,8,128,6.5,120,3,1,android,12,32,1,,1080,2400
oneplus,"OnePlus Nord CE 2 Lite 5G (8GB RAM + 128GB)",21995,84,True,False,False,snapdragon,8,2.2,5000,1,33.0,8,128,6.59,120,3,1,android,64,16,1,1024.0,1080,2412
apple,"Apple iPhone 14 Pro Max",129990,76,True,True,False,bionic,6,0,4323,1,,6,128,6.7,120,3,1,ios,48,12,0,,1290,2796
oneplus,"OnePlus 11 Pro",69999,0,True,True,False,snapdragon,8,3.2,4500,1,100.0,8,128,6.7,120,3,1,android,50,16,0,,1440,3216
realme,"Realme 10 Pro (8GB RAM + 128GB)",19999,84,True,False,False,snapdragon,8,2.2,5000,1,33.0,8,128,6.72,120,2,1,android,108,16,1,1024.0,1080,2400
poco,"Poco X5 Pro",20999,81,True,True,True,snapdragon,8,2.4,5000,1,67.0,6,128,6.67,120,3,1,android,108,16,0,,1080,2400
apple,"Apple iPhone 11",38999,73,False,True,False,bionic,6,2.65,3110,0,,4,64,6.1,60,2,1,ios,12,12,0,,828,1792
samsung,"Samsung Galaxy S21 FE 5G",39999,87,True,True,False,exynos,8,2.9,4500,1,25.0,8,128,6.4,120,3,1,android,12,32,0,,1080,2340
oppo,"Oppo Reno 8T",29990,87,True,True,False,snapdragon,8,2.2,5000,1,66.0,8,256,6.67,120,3,1,android,108,16,1,1024.0,1080,2400
samsung,"Samsung Galaxy S22 Ultra 5G",91999,0,True,True,False,snapdragon,8,3,5000,1,45.0,12,256,6.8,120,4,1,android,108,40,0,,1440,3080
xiaomi,"Xiaomi Redmi Note 12 Pro Max 5G",32999,83,True,False,True,snapdragon,8,2.36,5200,1,210.0,6,128,6.67,120,4,1,android,108,32,1,512.0,1080,2460
oppo,"OPPO Reno 9 5G",28499,83,True,True,False,snapdragon,8,2.4,4500,1,67.0,8,256,6.7,120,2,1,android,64,32,0,,1080,2412
oneplus,"OnePlus Nord CE 3 5G",21999,83,True,True,False,snapdragon,8,2.2,5000,1,67.0,6,128,6.7,120,3,1,android,108,16,1,1024.0,1080,2412
xiaomi,"Xiaomi Redmi Note 11 Pro Plus 5G",19999,83,True,False,True,snapdragon,8,2.2,5000,1,67.0,6,128,6.67,120,3,1,android,108,16,1,1024.0,1080,2400
vivo,"Vivo Y35",18499,80,False,False,False,snapdragon,8,2.4,5000,1,44.0,8,128,6.58,90,3,1,android,50,16,1,1024.0,1080,2408
samsung,"Samsung Galaxy M33 5G",17478,81,True,True,False,exynos,8,2.4,6000,1,25.0,6,128,6.6,120,4,1,android,50,8,1,1024.0,1080,2400
xiaomi,"Xiaomi Redmi Note 11",11936,76,False,False,True,snapdragon,8,2.4,5000,1,33.0,4,64,6.43,90,4,1,android,50,13,1,512.0,1080,2400
samsung,"Samsung Galaxy A74 5G",42999,0,True,True,False,snapdragon,8,2.36,5000,1,33.0,8,128,6.7,120,4,1,android,108,32,1,1024.0,1080,2412
samsung,"Samsung Galaxy A14 5G (6GB RAM + 128GB)",18999,79,True,False,False,exynos,8,2.4,5000,1,15.0,6,128,6.6,90,3,1,android,50,13,1,1024.0,1080,2408
jio,"Jio JioPhone 5G",11990,64,True,False,False,snapdragon,8,2.2,5000,1,18.0,4,32,6.5,90,1,1,android,13,8,1,512.0,720,1600
motorola,"Motorola Moto G82 5G",18999,83,True,True,False,snapdragon,8,2.2,5000,1,30.0,6,128,6.6,120,3,1,android,50,16,1,1024.0,1080,2400
apple,"Apple iPhone 14 Plus",74999,82,True,True,False,bionic,6,3.22,4325,1,,6,128,6.7,60,2,1,ios,12,12,0,,1284,2778
samsung,"Samsung Galaxy S23 Plus",84990,89,True,True,False,snapdragon,8,3.2,4700,1,45.0,8,256,6.6,120,3,1,android,50,12,0,,1080,2340
motorola,"Motorola Moto G32",10499,75,False,False,False,snapdragon,8,2.4,5000,1,33.0,4,64,6.55,90,3,1,android,50,16,1,1024.0,1080,2400
vivo,"Vivo S16",29990,85,True,True,False,snapdragon,8,3.2,4600,1,66.0,8,128,6.78,120,3,1,android,64,50,0,,1080,2400
samsung,"Samsung Galaxy A23",18499,79,False,False,False,snapdragon,8,2.4,5000,1,25.0,6,128,6.6,60,4,1,android,50,8,1,1024.0,1080,2408
oneplus,"OnePlus 10 Pro 5G",60999,89,True,True,False,snapdragon,8,3,5000,1,80.0,8,128,6.7,120,3,1,android,50,32,0,,1440,3216
samsung,"Samsung Galaxy F23 5G",15999,78,True,True,False,snapdragon,8,2.2,5000,1,25.0,4,128,6.6,120,3,1,android,50,8,1,1024.0,1080,2408
oppo,"Oppo Find N Fold",99990,0,True,True,False,snapdragon,8,3.2,5000,1,67.0,8,256,7.1,120,2,0,other,50,0,0,,1792,1920
iqoo,"iQOO Z6 Lite 5G",13989,75,True,False,False,snapdragon,8,2,5000,1,18.0,4,64,6.58,120,2,1,android,50,8,1,1024.0,1080,2408
oneplus,"OnePlus 10T",44999,85,True,True,False,snapdragon,8,3.2,4800,1,150.0,8,128,6.7,120,3,1,android,50,16,0,,1080,2412
apple,"Apple iPhone 13 Pro",119900,83,True,True,False,bionic,6,3.22,3095,1,,6,128,6.1,120,3,1,ios,12,12,0,,1170,2532
oppo,"OPPO F22 Pro",27660,83,True,False,False,snapdragon,8,2.2,4800,1,67.0,8,128,6.58,120,3,1,android,64,32,1,1024.0,1080,2400
samsung,"Samsung Galaxy A34 5G",24999,75,True,True,False,exynos,8,0,5000,1,33.0,6,128,6.5,90,4,1,android,48,13,1,1024.0,1080,2400
samsung,"Samsung Galaxy A14 5G (8GB RAM + 128GB)",20999,82,True,False,False,exynos,8,2.4,5000,1,15.0,8,128,6.6,90,3,1,android,50,13,1,1024.0,1080,2408
vivo,"Vivo T1 5G (8GB RAM + 128GB)",19990,83,True,False,False,snapdragon,8,2.2,5000,1,18.0,8,128,6.58,120,3,1,android,50,16,1,1024.0,1080,2408
motorola,"Motorola Edge 30 5G",22999,83,True,True,False,snapdragon,8,2.5,4020,1,33.0,6,128,6.5,144,3,1,android,50,32,0,,1080,2400
samsung,"Samsung Galaxy A23 5G",22999,79,True,False,False,snapdragon,8,2.2,5000,1,25.0,6,128,6.6,120,4,1,android,50,8,1,1024.0,1080,2408
xiaomi,"Xiaomi Redmi Note 11 (6GB RAM + 128GB)",14290,80,False,False,True,snapdragon,8,2.4,5000,1,33.0,6,128,6.43,90,4,1,android,50,13,1,512.0,1080,2400
samsung,"Samsung Galaxy A73 5G",41999,0,True,True,False,snapdragon,8,2.4,5000,1,25.0,8,128,6.7,120,4,1,android,108,32,1,1024.0,1080,2400
motorola,"Motorola Moto G62 (8GB RAM + 128GB)",16499,84,True,False,False,snapdragon,8,2.2,5000,1,,8,128,6.55,120,3,1,android,50,16,1,1024.0,1080,2400
vivo,"Vivo X90 Pro Plus 5G",73999,0,True,True,True,snapdragon,8,3.2,4700,1,80.0,12,256,6.78,120,4,1,android,50.3,32,0,,1440,3200
realme,"Realme 9i",12499,75,False,False,False,snapdragon,8,2.4,5000,1,33.0,4,64,6.6,90,3,1,android,50,16,1,1024.0,1080,2412
iqoo,"iQOO 11 5G",59999,88,True,True,False,snapdragon,8,3.2,5000,1,120.0,8,256,6.78,144,3,1,android,50,16,0,,1440,3200
vivo,"Vivo X Fold 5G",106990,0,True,True,False,snapdragon,8,3,4600,1,66.0,12,256,8.03,120,4,1,android,50,16,0,,1916,2160
vivo,"Vivo T1 5G",15990,78,True,False,False,snapdragon,8,2.2,5000,1,18.0,4,128,6.58,120,3,1,android,50,16,1,1024.0,1080,2408
apple,"Apple iPhone 14 Pro",119990,75,True,True,False,bionic,6,0,3200,1,,6,128,6.1,120,3,1,ios,48,12,0,,1179,2556
xiaomi,"Xiaomi Redmi Note 11 Pro Max 5G",19999,83,True,False,True,snapdragon,8,2.4,5200,1,33.0,6,128,6.67,120,4,1,android,108,32,1,512.0,1080,2400
motorola,"Motorola Moto S30 Pro",23990,83,True,False,False,snapdragon,8,2.9,4400,1,68.0,8,128,6.55,144,3,1,android,50,32,0,,1080,2460
xiaomi,"Xiaomi 13 Pro 5G",58990,0,True,True,True,snapdragon,8,3.2,4820,1,120.0,8,128,6.73,120,3,1,android,50.3,32,0,,1440,3200
samsung,"Samsung Galaxy S22 5G",49999,86,True,True,False,snapdragon,8,3,3700,1,25.0,8,128,6.1,120,3,1,android,50,10,0,,1080,2340
vivo,"Vivo T1 44W (6GB RAM + 128GB)",15999,79,False,False,False,snapdragon,8,2.4,5000,1,44.0,6,128,6.44,60,3,1,android,50,16,1,1024.0,1080,2408
apple,"Apple iPhone 12",51999,74,True,True,False,bionic,6,3.1,0,0,,4,64,6.1,60,2,1,ios,12,12,0,,1170,2532
samsung,"Samsung Galaxy A53 5G",31999,87,True,True,False,exynos,8,2.4,5000,1,25.0,6,128,6.5,120,4,1,android,64,32,1,1024.0,1080,2400
iqoo,"iQOO Z6 Pro 5G",21788,78,True,False,False,snapdragon,8,2.4,4700,1,66.0,6,128,6.44,90,3,1,android,64,16,0,,1080,2404
samsung,"Samsung Galaxy S23",70990,88,True,True,False,snapdragon,8,3.2,3900,1,25.0,8,128,6.1,120,3,1,android,50,12,0,,1080,2340
motorola,"Motorola Edge 30 Pro 5G",34999,89,True,True,False,snapdragon,8,3,4800,1,68.0,8,128,6.7,144,3,1,android,50,60,0,,1080,2400
samsung,"Samsung Galaxy M33 5G (8GB RAM + 128GB)",19499,84,True,True,False,exynos,8,2.4,6000,1,25.0,8,128,6.6,120,4,1,android,50,8,1,1024.0,1080,2400
motorola,"Motorola Moto G42",10999,78,False,True,False,snapdragon,8,2.4,5000,1,20.0,4,64,6.47,60,3,1,android,50,16,1,1024.0,1080,2400
oneplus,"OnePlus Nord CE 2 Lite 5G (8GB RAM + 256GB)",24999,85,True,False,False,snapdragon,8,2.2,5000,1,33.0,8,256,6.59,120,3,1,android,64,16,1,1024.0,1080,2412
samsung,"Samsung Galaxy A33 5G",25999,82,True,True,False,exynos,8,2.4,5000,1,25.0,6,128,6.4,90,4,1,android,48,13,1,1024.0,1080,2400
xiaomi,"Xiaomi Redmi Note 10 Lite",9999,76,False,False,True,snapdragon,8,2.3,5020,1,18.0,4,64,6.67,60,4,1,android,48,16,1,512.0,1080,2400
nothing,"Nothing Phone 1 (8GB RAM + 256GB)",28249,86,True,True,False,snapdragon,8,2.5,4500,1,33.0,8,256,6.55,120,2,1,android,50,16,0,,1080,2400
poco,"Poco X4 Pro 5G (6GB RAM + 128GB)",16499,82,True,False,True,snapdragon,8,2.2,5000,1,67.0,6,128,6.67,120,3,1,android,64,16,1,1024.0,1080,2400
xiaomi,"Xiaomi Redmi Note 11 Pro Plus 5G (8GB RAM + 256GB)",22999,87,True,False,True,snapdragon,8,2.2,5000,1,67.0,8,256,6.67,120,3,1,android,108,16,1,1024.0,1080,2400
apple,"Apple iPhone 11 (128GB)",46999,75,False,True,False,bionic,6,2.65,3110,0,,4,128,6.1,60,2,1,ios,12,12,0,,828,1792
oppo,"OPPO K10",13490,78,False,False,False,snapdragon,8,2.4,5000,1,33.0,6,128,6.59,90,3,1,android,50,16,1,1024.0,1080,2412
iqoo,"iQOO Neo 6 5G",28999,82,True,False,True,snapdragon,8,3.2,4700,1,80.0,8,128,6.62,120,3,1,android,64,16,0,,1080,2400
iqoo,"iQOO Z6 5G",15499,78,True,False,False,snapdragon,8,2.2,5000,1,18.0,4,128,6.58,120,3,1,android,50,16,1,1024.0,1080,2408
oneplus,"OnePlus Clover",14999,69,False,False,False,snapdragon,8,1.8,6000,1,18.0,4,64,6.52,60,3,1,android,13,8,1,,720,1560
iqoo,"iQOO 7",24990,83,True,True,False,snapdragon,8,3.2,4400,1,66.0,8,128,6.62,120,3,1,android,48,16,0,,1080,2400
samsung,"Samsung Galaxy M34 5G",16999,84,True,True,False,exynos,8,2.4,6000,1,25.0,6,128,6.5,120,4,1,android,64,32,1,,1080,2400
xiaomi,"Xiaomi Redmi 10",9589,71,False,False,False,snapdragon,8,2.4,6000,1,18.0,4,64,6.7,60,2,1,android,50,5,1,512.0,720,1600
apple,"Apple iPhone 12 Mini",40999,74,True,True,False,bionic,6,3.1,0,0,,4,64,5.4,60,2,1,ios,12,12,0,,1080,2340
xiaomi,"Xiaomi Redmi Note 12 (6GB RAM + 128GB)",19988,79,True,False,True,snapdragon,8,2,5000,1,33.0,6,128,6.67,120,3,1,android,48,13,1,1024.0,1080,2400
motorola,"Motorola Moto G52",11999,75,False,True,False,snapdragon,8,2.4,5000,1,33.0,4,64,6.6,90,3,1,android,50,16,1,,2460,1080
apple,"Apple iPhone 15 Pro Max",142990,79,True,True,False,bionic,0,0,4352,1,25.0,8,256,6.68,120,3,1,ios,50,12,0,,1284,2778
oppo,"Oppo A98",30990,87,True,True,False,snapdragon,8,3,5000,1,67.0,8,128,6.7,120,2,1,android,108,16,1,1024.0,1080,2412
oppo,"OPPO F21 Pro 5G",25969,82,True,False,False,snapdragon,8,2.2,4500,1,33.0,8,128,6.43,60,3,1,android,64,16,1,1024.0,1080,2400
realme,"Realme 11 Pro",28999,82,True,False,False,snapdragon,8,3,5000,1,65.0,6,128,6.4,120,3,1,android,64,32,1,256.0,1080,2400
oppo,"Oppo Find N2 5G",94990,0,True,True,False,snapdragon,8,3.2,4520,1,67.0,12,256,7.1,120,3,2,,50,32,0,,1792,1920
realme,"Realme 9 4G",14999,81,False,False,False,snapdragon,8,2.4,5000,1,33.0,6,128,6.4,90,3,1,android,108,16,1,256.0,1080,2400
apple,"Apple iPhone 13 Pro Max",129900,84,True,True,False,bionic,6,3.22,4352,1,,6,128,6.7,120,3,1,ios,12,12,0,,1284,2778
oppo,"Oppo Reno 10 Pro Plus",58990,88,True,True,False,snapdragon,8,3.2,4700,1,80.0,12,256,6.73,120,4,1,android,64,32,0,,1080,2412
samsung,"Samsung Galaxy F13",10999,74,False,True,False,exynos,8,2,6000,1,15.0,4,64,6.6,60,3,1,android,50,8,1,1024.0,2408,1080
iqoo,"iQOO 9 SE 5G",30990,83,True,True,False,snapdragon,8,2.84,4500,1,66.0,8,128,6.62,120,3,1,android,48,16,0,,1080,2400
xiaomi,"Xiaomi Redmi Note 13 Pro Max 5G",20499,83,True,False,True,snapdragon,8,2.36,5200,1,67.0,6,128,6.67,120,4,1,android,108,32,1,512.0,1080,2460
oppo,"OPPO A74 5G",15490,77,True,False,False,snapdragon,8,2,5000,1,18.0,6,128,6.5,90,3,1,android,48,8,1,,1080,2400
apple,"Apple iPhone 9",29990,61,False,True,False,bionic,6,2.65,2050,1,,3,64,4.7,60,1,1,ios,12,7,0,,750,1334
iqoo,"iQOO Z6 Lite (6GB RAM + 128GB)",15499,79,True,False,False,snapdragon,8,2,5000,1,18.0,6,128,6.58,120,2,1,android,50,8,1,1024.0,1080,2408
motorola,"Motorola Moto X40",39999,89,True,True,False,snapdragon,8,3.2,4600,1,125.0,8,128,6.7,165,3,1,android,50,60,0,,1080,2400
samsung,"Samsung Galaxy F24 5G",14999,78,True,True,False,snapdragon,8,2.2,5000,1,25.0,4,128,6.6,120,3,1,android,50,8,1,1024.0,1080,2408
motorola,"Motorola Moto G82 (8GB RAM + 128GB)",20499,86,True,True,False,snapdragon,8,2.2,5000,1,30.0,8,128,6.6,120,3,1,android,50,16,1,1024.0,1080,2400
samsung,"Samsung Galaxy M54 5G",34999,85,True,False,False,snapdragon,8,2.84,6000,1,25.0,6,128,6.67,90,3,1,android,64,32,1,1024.0,1080,2412
nokia,"Nokia N73 5G",46999,0,True,False,False,snapdragon,8,3,6000,1,65.0,12,256,6.9,120,1,1,android,200,32,1,,1400,3200
motorola,"Motorola Edge 30 Fusion 5G",39999,88,True,True,False,snapdragon,8,2.9,4400,1,68.0,8,128,6.55,144,3,1,android,50,32,0,,1080,2400
oneplus,"OnePlus Nord CE 3 Lite 5G",18999,81,True,False,False,snapdragon,8,2.2,5000,1,33.0,6,128,6.59,120,3,1,android,50,16,1,1024.0,1080,2412
poco,"Poco X4 Pro 5G (8GB RAM + 128GB)",17999,84,True,False,True,snapdragon,8,2.2,5000,1,67.0,8,128,6.67,120,3,1,android,64,16,1,1024.0,1080,2400
oppo,"OPPO A77s",17999,76,False,False,False,snapdragon,8,2.4,5000,1,33.0,8,128,6.56,90,2,1,android,50,8,1,,720,1600
motorola,"Motorola Edge 30 Ultra",54999,0,True,True,False,snapdragon,8,3.2,4610,1,125.0,8,128,6.67,144,3,1,android,200,60,0,,1080,2400
xiaomi,"Xiaomi 13 Ultra 5G",71999,0,True,True,True,snapdragon,8,3.2,5000,1,120.0,12,256,6.6,120,4,1,android,108,32,0,,1440,3200
motorola,"Motorola Moto G52 (6GB RAM + 128GB)",12999,79,False,True,False,snapdragon,8,2.4,5000,1,33.0,6,128,6.6,90,3,1,android,50,16,1,,2460,1080
nothing,"Nothing Phone 1 (12GB RAM + 256GB)",35999,87,True,True,False,snapdragon,8,2.5,4500,1,33.0,12,256,6.55,120,2,1,android,50,16,0,,1080,2400
samsung,"Samsung Galaxy A54 5G",34999,76,True,True,False,exynos,8,0,5000,1,25.0,6,128,6.4,120,3,1,android,50,32,1,1024.0,1080,2400
apple,"Apple iPhone 14 Pro Max (256GB)",139990,77,True,True,False,bionic,6,0,4323,1,,6,256,6.7,120,3,1,ios,48,12,0,,1290,2796
realme,"Realme 9 Pro 5G",18999,80,True,False,False,snapdragon,8,2.2,5000,1,33.0,6,128,6.6,120,3,1,android,64,16,1,256.0,1080,2412
honor,"Honor X9a",27999,81,True,True,True,snapdragon,8,2.2,5100,1,40.0,8,256,6.67,120,3,1,android,64,16,0,,1080,2400
xiaomi,"Xiaomi Redmi K60",29990,84,True,True,True,snapdragon,8,3.2,5500,1,67.0,8,128,6.67,120,3,1,android,64,16,0,,1440,3200
motorola,"Motorola Edge 30 5G (8GB RAM + 128GB)",24999,85,True,True,False,snapdragon,8,2.5,4020,1,33.0,8,128,6.5,144,3,1,android,50,32,0,,1080,2400
xiaomi,"Xiaomi Redmi Note 11 (6GB RAM + 64GB)",12188,79,False,False,True,snapdragon,8,2.4,5000,1,33.0,6,64,6.43,90,4,1,android,50,13,1,512.0,1080,2400
realme,"Realme GT Neo 3T",24999,79,True,False,False,snapdragon,8,3.2,5000,1,80.0,6,128,6.62,120,3,1,android,64,16,0,,1080,2400
oneplus,"OnePlus 10 Pro 5G (12GB RAM + 256GB)",65499,0,True,True,False,snapdragon,8,3,5000,1,80.0,12,256,6.7,120,3,1,android,50,32,0,,1440,3216
iqoo,"iQOO 11 Pro 5G",58990,89,True,True,True,snapdragon,8,3.2,4700,1,200.0,8,256,6.78,144,3,1,android,50,16,0,,1440,3200
vivo,"Vivo T1x 4G",11999,74,False,False,False,snapdragon,8,2.4,5000,1,18.0,4,64,6.58,90,2,1,android,50,8,1,,1080,2408
xiaomi,"Xiaomi Redmi 10 Power",11999,77,False,False,True,snapdragon,8,2.4,6000,1,18.0,8,128,6.7,60,2,1,android,50,5,1,,720,1650
vivo,"Vivo T1 44W",14499,77,False,False,False,snapdragon,8,2.4,5000,1,44.0,4,128,6.44,60,3,1,android,50,16,1,1024.0,1080,2408
xiaomi,"Xiaomi Mix Fold 2 5G",106990,0,True,True,True,snapdragon,8,3.2,4500,1,67.0,12,256,8.02,120,3,1,android,50,20,0,,1914,2160
oppo,"OPPO Reno 8 Z",26990,86,True,True,False,snapdragon,8,2.2,4500,1,33.0,8,256,6.43,60,3,1,android,64,16,1,1024.0,1080,2400
samsung,"Samsung Galaxy A75 5G",44999,83,True,True,False,snapdragon,8,0,5000,1,67.0,8,128,6.7,120,4,1,android,108,32,1,1024.0,1080,2412
vivo,"Vivo T1 Pro 5G (8GB RAM + 128GB)",24999,84,True,False,False,snapdragon,8,2.4,4700,1,66.0,8,128,6.44,90,3,1,android,64,16,1,1024.0,1080,2404
oppo,"OPPO F21s Pro 4G",21899,82,False,False,False,snapdragon,8,2.4,4500,1,33.0,8,128,6.43,90,3,1,android,64,32,1,512.0,1080,2400
apple,"Apple iPhone 14 (256GB)",75999,82,True,True,False,bionic,6,3.22,3279,1,,6,256,6.1,60,2,1,ios,12,12,0,,1170,2532
nubia,"Nubia Red Magic 8 Pro 5G",46990,84,True,True,False,snapdragon,8,3.2,6000,1,80.0,8,128,6.8,120,3,1,android,50,16,0,,1116,2480
iqoo,"iQOO Z6 5G (6GB RAM + 128GB)",16940,80,True,False,False,snapdragon,8,2.2,5000,1,18.0,6,128,6.58,120,3,1,android,50,16,1,1024.0,1080,2408
xiaomi,"Xiaomi Redmi Note 11 Pro 5G",17990,81,True,False,True,snapdragon,8,2.2,5000,1,67.0,6,64,6.67,120,3,1,android,108,16,1,,1080,2400
oppo,"OPPO A1 Pro",20990,84,True,True,False,snapdragon,8,2.2,4800,1,67.0,8,128,6.7,120,2,1,android,108,16,1,1024.0,1080,2412
samsung,"Samsung Galaxy S22 FE 5G",51999,79,True,True,False,exynos,8,0,4200,1,33.0,8,128,6.4,120,3,1,android,12,32,0,,1080,2400
samsung,"Samsung Galaxy S22 Plus 5G",64449,87,True,True,False,snapdragon,8,3,4500,1,45.0,8,128,6.6,120,3,1,android,50,10,0,,1080,2340
vivo,"Vivo U3x",8990,71,True,False,False,snapdragon,8,2,5000,1,18.0,6,64,6.58,90,2,1,android,13,8,0,,1080,2408
apple,"Apple iPhone XR2",71999,60,False,True,False,bionic,0,0,3060,1,,4,64,6.1,60,2,1,ios,12,7,0,,828,1792
samsung,"Samsung Galaxy A53 (8GB RAM + 256GB)",36499,89,True,True,False,exynos,8,2.4,5000,1,25.0,8,256,6.5,120,4,1,android,64,32,1,1024.0,1080,2400
oneplus,"OnePlus Ace 2",34999,84,True,True,False,snapdragon,8,3.2,5000,1,100.0,8,128,6.7,120,3,1,android,50,16,0,,1080,2412
redmi,"Redmi Note 11 Pro 2023",18999,81,False,False,True,snapdragon,8,2.3,5000,1,67.0,6,128,6.67,120,4,1,android,108,16,1,1024.0,1080,2400
nothing,"Nothing Phone 2",39990,88,True,True,False,snapdragon,8,3.2,4700,1,66.0,8,128,6.67,120,3,1,android,50,32,0,,1080,2400
xiaomi,"Xiaomi Redmi Note 11 Pro Plus 5G (8GB RAM + 128GB)",22700,86,True,False,True,snapdragon,8,2.2,5000,1,67.0,8,128,6.67,120,3,1,android,108,16,1,1024.0,1080,2400
xiaomi,"Xiaomi 12 Pro 5G",50990,89,True,True,True,snapdragon,8,3,4600,1,120.0,8,256,6.73,120,3,1,android,50,32,0,,1440,3200
apple,"Apple iPhone 13 Mini",64900,79,True,True,False,bionic,6,3.22,2438,1,,4,128,5.4,60,2,1,ios,12,12,0,,1080,2340
asus,"Asus ROG Phone 6 Pro 5G",89999,88,True,True,False,snapdragon,8,3.2,6000,1,65.0,18,512,6.78,165,3,1,android,50,12,0,,1080,2448
apple,"Apple iPhone 14 Mini",69990,70,False,True,False,bionic,0,0,3500,1,,6,128,5.42,60,2,1,ios,12,12,0,,1080,2340
samsung,"Samsung Galaxy A23 (8GB RAM + 128GB)",19990,82,False,False,False,snapdragon,8,2.4,5000,1,25.0,8,128,6.6,60,4,1,android,50,8,1,1024.0,1080,2408
xiaomi,"Xiaomi Redmi Note 12 Turbo",19999,81,True,True,True,snapdragon,8,2.4,5000,1,67.0,8,128,6.67,120,3,1,android,50,16,0,,1080,2400
apple,"Apple iPhone 14 Pro Max (1TB)",182999,78,True,True,False,bionic,6,0,4323,1,,6,1024,6.7,120,3,1,ios,48,12,0,,1290,2796
samsung,"Samsung Galaxy M13",12999,75,False,False,False,exynos,8,2,6000,1,15.0,6,128,6.6,60,3,1,android,50,8,1,1024.0,1080,2400
samsung,"Samsung Galaxy A23 5G (8GB RAM + 128GB)",24999,81,True,False,False,snapdragon,8,2.2,5000,1,25.0,8,128,6.6,120,4,1,android,50,8,1,1024.0,1080,2408
motorola,"Motorola Edge 30 Ultra (12GB RAM + 256GB)",59999,0,True,True,False,snapdragon,8,3.2,4610,1,125.0,12,256,6.67,144,3,1,android,200,60,0,,1080,2400
oppo,"OPPO F21s Pro",25895,82,True,False,False,snapdragon,8,2.2,4500,1,33.0,8,128,6.43,60,3,1,android,64,16,1,512.0,1080,2400
xiaomi,"Xiaomi 13 5G",46990,89,True,True,True,snapdragon,8,3.2,4500,1,67.0,8,128,6.36,120,3,1,android,50,32,0,,1080,2400
motorola,"Motorola Moto G51 5G",12999,77,True,True,False,snapdragon,8,2.2,5000,0,,4,64,6.8,120,3,1,android,50,13,1,512.0,1080,2400
xiaomi,"Xiaomi Redmi 10 (6GB RAM + 128GB)",11999,75,False,False,False,snapdragon,8,2.4,6000,1,18.0,6,128,6.7,60,2,1,android,50,5,1,512.0,720,1600
xiaomi,"Xiaomi Mi 11 Lite NE 5G",21890,83,True,True,True,snapdragon,8,2.4,4250,1,33.0,6,128,6.55,90,3,1,android,64,20,1,,1080,2400
samsung,"Samsung Galaxy Z Flip 3",69999,84,True,True,False,snapdragon,8,2.84,3300,1,15.0,8,128,6.7,120,2,1,,12,10,0,,1080,2640
apple,"Apple iPhone 12 (128GB)",55999,75,True,True,False,bionic,6,3.1,0,0,,4,128,6.1,60,2,1,ios,12,12,0,,1170,2532
oneplus,"OnePlus 10T (16GB RAM + 256GB)",55999,87,True,True,False,snapdragon,8,3.2,4800,1,150.0,16,256,6.7,120,3,1,android,50,16,0,,1080,2412
oneplus,"OnePlus 9RT 5G",42999,85,True,True,False,snapdragon,8,2.84,4500,1,,8,128,6.62,120,3,1,android,50,16,0,,1080,2400
samsung,"Samsung Galaxy A53 5G (8GB RAM + 128GB)",33499,89,True,True,False,exynos,8,2.4,5000,1,25.0,8,128,6.5,120,4,1,android,64,32,1,1024.0,1080,2400
samsung,"Samsung Galaxy S22 Ultra 5G (12GB RAM + 512GB)",118999,0,True,True,False,snapdragon,8,3,5000,1,45.0,12,512,6.8,120,4,1,android,108,40,0,,1440,3080
motorola,"Motorola Moto G71 5G",16999,80,True,True,False,snapdragon,8,2.2,5000,1,33.0,6,128,6.4,60,3,1,android,50,16,0,,1080,2400
honor,"Honor X9 5G",16999,80,True,True,False,snapdragon,8,2.2,4800,1,66.0,8,128,6.81,60,3,1,android,48,16,0,,1080,2388
iqoo,"iQOO 11 (16GB RAM + 256GB)",64999,89,True,True,False,snapdragon,8,3.2,5000,1,120.0,16,256,6.78,144,3,1,android,50,16,0,,1440,3200
samsung,"Samsung Galaxy Z Fold 4",154998,0,True,True,False,snapdragon,8,3.2,4400,1,25.0,12,256,7.6,120,3,2,android,50,10,0,,1812,2176
royole,"Royole FlexPai 2",109999,87,True,False,False,snapdragon,8,2.84,4450,0,,8,128,7.8,60,3,1,,64,32,0,,1440,1920
apple,"Apple iPhone 14 Plus (256GB)",84999,83,True,True,False,bionic,6,3.22,4325,1,,6,256,6.7,60,2,1,ios,12,12,0,,1284,2778
samsung,"Samsung Galaxy A33 5G (8GB RAM + 128GB)",27499,85,True,True,False,exynos,8,2.4,5000,1,25.0,8,128,6.4,90,4,1,android,48,13,1,1024.0,1080,2400
xiaomi,"Xiaomi Redmi Note 10 Pro (6GB RAM + 128GB)",17999,81,False,False,True,snapdragon,8,2.3,5020,1,33.0,6,128,6.67,120,4,1,android,64,16,1,512.0,1080,2400
samsung,"Samsung Galaxy S21 Ultra",105999,0,True,True,False,exynos,8,2.9,5000,1,25.0,12,256,6.8,120,4,1,android,108,40,0,,1440,3200
vivo,"Vivo T1x (6GB RAM + 128GB)",14999,77,False,False,False,snapdragon,8,2.4,5000,1,18.0,6,128,6.58,90,2,1,android,50,8,1,,1080,2408
oppo,"OPPO F23 Pro",19990,82,True,False,False,snapdragon,8,2.2,4500,1,33.0,8,128,6.5,90,3,1,android,64,32,1,256.0,1080,2400
iqoo,"iQOO Z6 Pro 5G (8GB RAM + 128GB)",23399,80,True,False,False,snapdragon,8,2.4,4700,1,66.0,8,128,6.44,90,3,1,android,64,16,0,,1080,2404
samsung,"Samsung Galaxy A73 5G (8GB RAM + 256GB)",41990,0,True,True,False,snapdragon,8,2.4,5000,1,25.0,8,256,6.7,120,4,1,android,108,32,1,1024.0,1080,2400
realme,"Realme 9 5G SE (8GB RAM + 128GB)",22998,82,True,False,False,snapdragon,8,2.4,5000,1,30.0,8,128,6.6,144,3,1,android,48,16,1,1024.0,1080,2412
poco,"Poco F4 5G",25999,82,True,True,False,snapdragon,8,3.2,4500,1,67.0,6,128,6.67,120,3,1,android,64,20,0,,1080,2400
motorola,"Motorola Moto G60",15999,84,False,True,False,snapdragon,8,2.3,6000,1,20.0,6,128,6.78,120,3,1,android,108,32,1,1024.0,1080,2460
oneplus,"OnePlus 9 Pro",64800,89,True,True,False,snapdragon,8,2.84,4500,1,65.0,8,128,6.7,120,4,1,android,48,16,0,,1440,3216
oneplus,"OnePlus Nord N20 5G",20990,81,True,True,False,snapdragon,8,2.2,4500,1,33.0,6,128,6.43,60,3,1,android,64,16,1,,1080,2400
apple,"Apple iPhone 13 (256GB)",72999,79,True,True,False,bionic,6,3.22,3240,1,,4,256,6.1,60,2,1,ios,12,12,0,,1170,2532
oppo,"Oppo Find X6 Pro",77990,0,True,True,False,snapdragon,8,3.2,4700,1,120.0,12,256,6.78,120,3,1,android,50,32,0,,1080,2400
motorola,"Motorola Moto G53",21999,79,True,True,False,snapdragon,8,2.2,5000,1,10.0,4,128,6.5,120,2,1,android,50,16,1,1024.0,720,1600
jio,"Jio JioPhone Next",4649,0,False,False,False,snapdragon,4,1.3,3500,0,,2,32,5.45,60,1,1,android,13,8,1,512.0,720,1440
xiaomi,"Xiaomi Redmi K60 Pro",38999,85,True,True,True,snapdragon,8,3.2,5000,1,120.0,8,128,6.67,120,3,1,android,54,16,0,,1440,3200
vivo,"Vivo Y22s",14990,77,False,False,False,snapdragon,8,2.4,5000,1,18.0,8,128,6.55,90,2,1,android,50,8,1,1024.0,1612,720
poco,"Poco F4 (12GB RAM + 256GB)",29999,86,True,True,False,snapdragon,8,3.2,4500,1,67.0,12,256,6.67,120,3,1,android,64,20,0,,1080,2400
realme,"Realme 9 4G (8GB RAM + 128GB)",15999,84,False,False,False,snapdragon,8,2.4,5000,1,33.0,8,128,6.4,90,3,1,android,108,16,1,256.0,1080,2400
xiaomi,"Xiaomi 12T Pro 5G",59990,89,True,True,True,snapdragon,8,3.2,5000,1,120.0,8,128,6.67,120,3,1,android,200,20,0,,1220,2712
iqoo,"iQOO 9 5G",34990,84,True,False,False,snapdragon,8,2.9,4350,1,120.0,8,128,6.56,120,3,1,android,48,16,0,,1080,2376
apple,"Apple iPhone 12 Mini (128GB)",45999,75,True,True,False,bionic,6,3.1,0,0,,4,128,5.4,60,2,1,ios,12,12,0,,1080,2340
samsung,"Samsung Galaxy S24 Ultra",119990,85,True,False,False,snapdragon,8,0,5100,1,45.0,12,256,6.83,144,4,1,android,200,60,0,,1200,2860
oneplus,"OnePlus 10T (12GB RAM + 256GB)",50999,87,True,True,False,snapdragon,8,3.2,4800,1,150.0,12,256,6.7,120,3,1,android,50,16,0,,1080,2412
samsung,"Samsung Galaxy S21 FE 5G (8GB RAM + 256GB)",43999,88,True,True,False,exynos,8,2.9,4500,1,25.0,8,256,6.4,120,3,1,android,12,32,0,,1080,2340
sony,"Sony Xperia Pro-I",134999,0,True,True,False,snapdragon,8,2.84,4500,1,30.0,12,512,6.5,120,3,1,android,12,8,1,1024.0,1644,3840
vivo,"Vivo V21 Pro",32999,85,True,False,False,snapdragon,8,2.4,4300,1,33.0,8,128,6.44,60,4,2,android,64,44,0,,1080,2400
poco,"Poco X3",13499,80,False,False,True,snapdragon,8,2.3,6000,1,33.0,6,64,6.67,120,4,1,android,64,20,1,512.0,1080,2400
samsung,"Samsung Galaxy S20 FE",35489,86,False,True,False,exynos,8,2.73,4500,1,25.0,8,128,6.5,120,3,1,android,12,32,1,1024.0,1080,2400
google,"Google Pixel 4",20120,78,False,True,False,snapdragon,8,2.8,2800,1,,6,64,5.7,60,2,2,android,16,8,0,,1080,2280
samsung,"Samsung Galaxy S10 Plus",42999,81,False,True,False,exynos,8,2.7,4100,1,15.0,8,128,6.4,60,3,2,android,16,10,1,512.0,1440,3040
oppo,"OPPO F21 Pro 4G",20999,82,False,False,False,snapdragon,8,2.4,4500,1,33.0,8,128,6.5,90,3,1,android,64,32,1,256.0,1080,2400
realme,"Realme GT 2 5G",28994,84,True,True,False,snapdragon,8,2.84,5000,1,65.0,8,128,6.62,120,3,1,android,50,16,0,,1080,2400
samsung,"Samsung Galaxy S21",48900,88,True,True,False,exynos,8,2.9,4000,1,25.0,8,128,6.2,120,3,1,android,64,10,0,,1080,2400
samsung,"Samsung Galaxy A71",22494,86,False,False,False,snapdragon,8,2.2,4500,1,25.0,8,128,6.7,60,4,1,android,64,32,1,1024.0,1080,2400
iqoo,"iQOO Z6 5G (8GB RAM + 128GB)",18498,82,True,False,False,snapdragon,8,2.2,5000,1,18.0,8,128,6.58,120,3,1,android,50,16,1,1024.0,1080,2408
vivo,"Vivo T1 Pro",23999,81,True,False,False,snapdragon,8,2.4,4700,1,66.0,6,128,6.44,90,3,1,android,64,16,1,1024.0,1080,2404
samsung,"Samsung Galaxy A04s",12990,71,False,False,False,exynos,8,2,5000,1,15.0,4,64,6.5,90,3,1,android,50,5,1,1024.0,720,1600
realme,"Realme 9i (6GB RAM + 128GB)",14999,78,False,False,False,snapdragon,8,2.4,5000,1,33.0,6,128,6.6,90,3,1,android,50,16,1,1024.0,1080,2412
oppo,"OPPO F19",14990,78,False,False,False,snapdragon,8,2,5000,1,33.0,6,128,6.4,60,3,1,android,48,16,1,256.0,1080,2400
realme,"Realme 9 Pro 5G (8GB RAM + 128GB)",20999,82,True,False,False,snapdragon,8,2.2,5000,1,33.0,8,128,6.6,120,3,1,android,64,16,1,256.0,1080,2412
xiaomi,"Xiaomi Redmi Note 10 Lite (6GB RAM + 128GB)",11999,80,False,False,True,snapdragon,8,2.3,5020,1,18.0,6,128,6.67,60,4,1,android,48,16,1,512.0,1080,2400
realme,"Realme GT Neo 5",34999,83,True,True,False,snapdragon,8,3.2,4600,1,240.0,8,128,6.7,120,3,1,android,50,16,0,,1080,2412
apple,"Apple iPhone 15 Ultra",149900,79,True,True,False,bionic,8,0,4700,1,,8,128,6.73,120,3,1,ios,48,12,0,,1290,2796
samsung,"Samsung Galaxy Note 30 Ultra 5G",104999,0,True,True,False,snapdragon,8,3.2,4500,1,67.0,12,256,6.71,120,3,1,android,200,10,1,1024.0,1440,3214
realme,"Realme 9i (4GB RAM + 128GB)",13999,75,False,False,False,snapdragon,8,2.4,5000,1,33.0,4,128,6.6,90,3,1,android,50,16,1,1024.0,1080,2412
vivo,"Vivo X80 Pro 5G",79999,0,True,True,False,snapdragon,8,3,4700,1,80.0,12,256,6.78,120,4,1,android,50,32,0,,1440,3200
asus,"Asus ROG Phone 7",75990,87,True,True,False,snapdragon,8,3.2,6000,1,120.0,18,256,6.8,165,3,1,android,64,32,0,,1080,2448
oppo,"Oppo A77 5G",21990,76,True,False,False,snapdragon,8,2.4,5000,1,33.0,6,128,6.56,90,2,1,android,48,8,1,,720,1600
realme,"Realme 9 5G SE",18999,80,True,False,False,snapdragon,8,2.4,5000,1,30.0,6,128,6.6,144,3,1,android,48,16,1,1024.0,1080,2412
oneplus,"OnePlus Nord N200",16990,75,True,True,False,snapdragon,8,2,5000,1,18.0,4,64,6.49,90,3,1,android,13,16,1,,1080,2400
xiaomi,"Xiaomi Mi 11X",23890,80,True,False,True,snapdragon,8,3.2,4520,1,33.0,6,128,6.67,120,3,1,android,48,20,0,,1080,2400
realme,"Realme X50 Pro 5G (12GB RAM + 256GB)",27999,87,True,True,False,snapdragon,8,2.84,4200,1,65.0,12,256,6.44,90,4,2,android,64,32,0,,1080,2400
redmi,"Redmi Note 12 Pro Speed Edition",19999,81,True,True,True,snapdragon,8,2.4,5000,1,67.0,6,128,6.67,120,3,1,android,108,16,0,,1080,2400
apple,"Apple iPhone 14 Pro (256GB)",129990,76,True,True,False,bionic,6,0,3200,1,,6,256,6.1,120,3,1,ios,48,12,0,,1179,2556
motorola,"Motorola Moto G72",19990,81,True,True,False,snapdragon,8,2.2,5000,1,33.0,6,128,6.5,120,3,1,android,108,16,0,,1080,2400
motorola,"Motorola Moto X30 Pro",41990,0,True,True,False,snapdragon,8,3.2,4450,1,125.0,8,128,6.67,144,3,1,android,200,60,0,,1080,2400
xiaomi,"Xiaomi 12S Ultra",69990,0,True,True,True,snapdragon,8,3.2,4860,1,67.0,8,256,6.73,120,3,1,android,50,32,0,,1440,3200
honor,"Honor 70 5G",39990,88,True,True,False,snapdragon,8,2.5,4800,1,66.0,12,512,6.67,120,3,1,android,54,32,0,,1080,2400
oneplus,"OnePlus 10 Pro 5G (12GB RAM + 512GB)",74999,0,True,True,False,snapdragon,8,3,5000,1,80.0,12,512,6.7,120,3,1,android,50,32,0,,1440,3216
xiaomi,"Xiaomi Mi 11T Pro 5G",34990,86,True,True,True,snapdragon,8,2.84,5000,1,120.0,8,128,6.67,120,3,1,android,108,16,0,,1080,2400
nokia,"Nokia X50 5G",34999,76,True,False,False,snapdragon,0,0,6000,1,33.0,6,64,6.81,60,4,1,android,108,32,1,,1080,2400
xiaomi,"Xiaomi Redmi Note 10",13990,75,False,False,True,snapdragon,8,2.2,5000,1,33.0,4,64,6.43,60,4,1,android,48,13,1,512.0,1080,2400
vertu,"Vertu Signature Touch",650000,62,False,True,False,snapdragon,8,1.5,2275,0,,2,64,4.7,60,1,1,android,13,2.1,0,,1080,1920
poco,"Poco F5",34990,85,True,True,False,snapdragon,8,3.2,4700,1,67.0,8,128,6.7,120,3,1,android,64,32,0,,1080,2400
apple,"Apple iPhone SE 3 2022",43900,0,True,True,False,bionic,6,3.22,0,0,,4,64,4.7,60,1,1,ios,12,7,0,,750,1334
samsung,"Samsung Galaxy A52 (8GB RAM + 128GB)",22494,86,False,False,False,snapdragon,8,2.3,4500,1,25.0,8,128,6.5,90,4,1,android,64,32,1,1024.0,1080,2400
poco,"Poco X3 Pro",19650,82,False,False,True,snapdragon,8,2.96,5160,1,33.0,6,128,6.67,120,4,1,android,48,20,1,,1080,2400
apple,"Apple iPhone 15 Pro",130990,75,True,True,False,bionic,0,0,0,0,,8,128,6.06,120,3,1,ios,50,12,0,,1170,2532
asus,"Asus ZenFone 9",63990,86,True,True,False,snapdragon,8,3.2,4300,1,30.0,8,128,5.9,120,2,1,android,50,12,0,,1080,2400
iqoo,"iQOO 9 SE 5G (12GB RAM + 256GB)",34949,85,True,True,False,snapdragon,8,2.84,4500,1,66.0,12,256,6.62,120,3,1,android,48,16,0,,1080,2400
xiaomi,"Xiaomi Mi Mix Alpha",199990,0,True,False,False,snapdragon,8,2.96,4050,1,40.0,12,512,7.92,60,3,0,android,108,0,0,,2088,2250
nubia,"Nubia Z50",34999,82,True,True,False,snapdragon,8,3.2,5000,1,80.0,8,128,6.67,144,3,1,android,64,16,0,,1080,2400
samsung,"Samsung Galaxy F13 (4GB RAM + 128GB)",11999,75,False,True,False,exynos,8,2,6000,1,15.0,4,128,6.6,60,3,1,android,50,8,1,1024.0,2408,1080
vivo,"Vivo T2 5G",24990,85,True,False,False,snapdragon,8,3.2,4700,1,80.0,8,128,6.62,120,3,1,android,64,16,1,1024.0,1080,2400
oppo,"OPPO Reno7 Z 5G",17999,84,True,True,False,snapdragon,8,2.2,4500,1,33.0,8,128,6.43,60,3,1,android,64,16,1,,1080,2400
xiaomi,"Xiaomi Mi 11 Lite NE 5G (8GB RAM + 128GB)",22999,86,True,True,True,snapdragon,8,2.4,4250,1,33.0,8,128,6.55,90,3,1,android,64,20,1,,1080,2400
samsung,"Samsung Galaxy A82 5G",39990,86,True,True,False,snapdragon,8,2.96,4500,1,25.0,6,128,6.71,120,3,1,android,64,10,1,1024.0,1440,3200
xiaomi,"Xiaomi Poco F1",11999,77,False,False,False,snapdragon,8,2.8,4000,1,,6,64,6.18,60,2,1,android,12,20,1,256.0,1080,2246
lyf,"Lyf Earth 1",3990,60,False,False,False,snapdragon,8,1.5,3500,0,,3,32,5.5,60,2,1,android,13,5,1,64.0,1080,1920
vivo,"Vivo X Fold Plus",113990,0,True,True,False,snapdragon,8,3.2,4730,1,80.0,12,256,8.03,120,4,2,android,50,16,0,,1916,2160
huawei,"Huawei Mate 50 RS Porsche Design",239999,81,False,True,True,snapdragon,8,3.2,4700,1,66.0,12,512,6.74,120,3,1,other,50,13,1,256.0,1212,2616
iqoo,"iQOO Z6 4G (6GB RAM + 128GB)",15999,80,False,False,False,snapdragon,8,2.4,5000,1,44.0,6,128,6.44,120,3,1,android,50,16,1,1024.0,1080,2400
sony,"Sony Xperia 5 II",69990,86,True,True,False,snapdragon,8,2.84,4000,1,21.0,8,128,6.1,120,3,1,android,12,8,1,,1080,2520
sony,"Sony Xperia 1 IV (12GB RAM + 512GB)",92980,0,True,True,False,snapdragon,8,3,5000,1,30.0,12,512,6.5,120,4,1,android,12,12,1,,1644,3840
huawei,"Huawei Nova 10 SE",23999,84,False,True,False,snapdragon,8,2.4,4500,1,66.0,8,256,6.67,90,3,1,android,108,16,1,,1080,2160
vivo,"Vivo T1x (4GB RAM + 128GB)",12999,75,False,False,False,snapdragon,8,2.4,5000,1,18.0,4,128,6.58,90,2,1,android,50,8,1,,1080,2408
nubia,"Nubia Red Magic 7S Pro",60990,86,True,True,False,snapdragon,8,3.2,5000,1,135.0,12,256,6.8,120,3,1,android,64,8,0,,1080,2400
iqoo,"iQOO Neo 6 5G (12GB RAM + 256GB)",33749,84,True,False,True,snapdragon,8,3.2,4700,1,80.0,12,256,6.62,120,3,1,android,64,16,0,,1080,2400
samsung,"Samsung Galaxy Z Flip 4 5G",89999,88,True,True,False,snapdragon,8,3.2,3700,1,25.0,8,128,6.7,120,2,1,,12,10,0,,1080,2640
oneplus,"OnePlus 6 (8GB RAM + 128GB)",27999,77,False,True,False,snapdragon,8,2.8,3300,0,,8,128,6.28,60,2,1,android,20,16,0,,1080,2280
google,"Google Pixel 2 XL",15990,69,False,True,False,snapdragon,8,2.35,3520,1,,4,128,6,60,1,1,android,12.2,8,0,,1440,2880
honor,"Honor 70 5G (8GB RAM + 256GB)",30990,86,True,True,False,snapdragon,8,2.5,4800,1,66.0,8,256,6.67,120,3,1,android,54,32,0,,1080,2400
realme,"Realme Q5 5G",14990,78,True,False,False,snapdragon,8,2.2,5000,1,60.0,6,128,6.6,120,3,1,android,50,16,1,,1080,2412
google,"Google Pixel 5",36000,82,True,True,False,snapdragon,8,2.4,4080,1,18.0,8,128,6,90,2,1,android,16,8,0,,1080,2340
oneplus,"OnePlus 12 Pro",69999,0,True,True,False,snapdragon,8,3.2,4800,1,150.0,12,256,6.73,144,3,1,android,108,32,0,,1440,3412
samsung,"Samsung Galaxy M13 (4GB RAM + 64GB)",10630,71,False,False,False,exynos,8,2,6000,1,15.0,4,64,6.6,60,3,1,android,50,8,1,1024.0,1080,2400
iqoo,"iQOO Z6 4G",14489,77,False,False,False,snapdragon,8,2.4,5000,1,44.0,4,128,6.44,120,3,1,android,50,16,1,1024.0,1080,2400
oppo,"OPPO A76",16490,73,False,False,False,snapdragon,8,2.4,5000,1,33.0,6,128,6.56,90,2,1,android,13,8,1,,720,1612
motorola,"Motorola Moto Edge S30 5G",23990,85,True,False,False,snapdragon,8,2.9,5000,1,33.0,6,128,6.8,144,3,1,android,108,16,0,,1080,2460
realme,"Realme GT 2 Pro 5G",49959,89,True,True,False,snapdragon,8,3,5000,1,65.0,8,128,6.7,120,3,1,android,50,32,0,,1440,3216
apple,"Apple iPhone 13 Pro (256GB)",129900,83,True,True,False,bionic,6,3.22,3095,1,,6,256,6.1,120,3,1,ios,12,12,0,,1170,2532
vivo,"Vivo V20",23269,85,False,False,False,snapdragon,8,2.3,4000,1,33.0,8,128,6.44,60,3,1,android,64,44,1,1024.0,1080,2400
xiaomi,"Xiaomi Redmi Note 9 Pro",13999,75,False,False,True,snapdragon,8,2.3,5020,1,18.0,4,64,6.67,60,4,1,android,48,16,1,512.0,1080,2400
xiaomi,"Xiaomi Redmi 10C (4GB RAM + 128GB)",14990,73,False,False,False,snapdragon,8,2.4,6000,1,18.0,4,128,6.7,60,2,1,android,50,5,1,512.0,720,1600
zte,"ZTE Axon 40 Ultra 5G",61990,89,True,True,False,snapdragon,8,3,5000,1,65.0,8,128,6.8,120,3,1,android,64,16,0,,1116,2480
xiaomi,"Xiaomi 12 Pro 5G (12GB RAM + 256GB)",51880,0,True,True,True,snapdragon,8,3,4600,1,120.0,12,256,6.73,120,3,1,android,50,32,0,,1440,3200
oppo,"OPPO K10 (8GB RAM + 128GB)",16990,80,False,False,False,snapdragon,8,2.4,5000,1,33.0,8,128,6.59,90,3,1,android,50,16,1,1024.0,1080,2412
huawei,"Huawei Nova 9 SE",19990,84,False,True,False,snapdragon,8,2.4,4000,1,66.0,8,128,6.78,90,4,1,android,108,16,1,,1080,2388
samsung,"Samsung Galaxy S22 5G (8GB RAM + 256GB)",57999,87,True,True,False,snapdragon,8,3,3700,1,25.0,8,256,6.1,120,3,1,android,50,10,0,,1080,2340
lenovo,"Lenovo Legion Y90",46990,87,True,True,False,snapdragon,8,3,5600,1,68.0,12,256,6.92,144,2,1,android,64,16,0,,1080,2460
nokia,"Nokia X100 5G",17990,82,True,True,False,snapdragon,8,2,4470,1,18.0,6,128,6.67,60,4,1,android,48,16,1,1024.0,1080,2400
nokia,"Nokia X60 Pro 5G",49990,0,True,False,False,snapdragon,8,3.2,6000,1,44.0,8,128,6.51,144,4,1,android,200,32,1,,1080,2408
poco,"Poco X5",14999,74,True,False,True,snapdragon,8,2.2,5000,1,33.0,4,128,6.67,120,3,1,android,48,8,0,,1080,2400
xiaomi,"Xiaomi Redmi Note 10 Pro Max (6GB RAM + 128GB)",19980,82,False,False,True,snapdragon,8,2.3,5020,1,33.0,6,128,6.67,120,4,1,android,108,16,1,512.0,1080,2400
iqoo,"iQOO 7 (12GB RAM + 256GB)",35990,85,True,True,False,snapdragon,8,3.2,4400,1,66.0,12,256,6.62,120,3,1,android,48,16,0,,1080,2400
samsung,"Samsung Galaxy S20",41999,88,False,True,False,exynos,8,2.73,4000,1,25.0,8,128,6.2,120,3,1,android,64,10,1,1024.0,1440,3200
oppo,"OPPO F23 Pro Plus 5G",27990,83,True,False,False,snapdragon,8,2.36,4500,1,65.0,8,128,6.43,90,4,1,android,50,16,1,256.0,1080,2460
poco,"Poco F5 Pro",29999,84,True,True,True,snapdragon,8,3.2,5500,1,67.0,8,128,6.67,120,3,1,android,64,16,0,,1440,3200
asus,"Asus ROG Phone 5s 5G",39999,87,True,True,False,snapdragon,8,2.9,6000,1,65.0,8,128,6.78,144,3,1,android,64,24,0,,1080,2448
realme,"Realme GT Master Edition 5G",27999,84,True,True,False,snapdragon,8,2.4,4300,1,65.0,8,128,6.43,120,3,1,android,64,32,0,,1080,2400
nubia,"Nubia Red Magic 8 Pro Plus",60999,86,True,True,False,snapdragon,8,3.2,5000,1,165.0,12,256,6.8,120,3,1,android,50,16,0,,1116,2480
samsung,"Samsung Galaxy Z Fold 3",110999,89,True,True,False,snapdragon,8,2.84,4400,1,25.0,12,256,7.6,120,3,2,android,12,10,0,,1768,2208
lg,"LG Wing 5G",54999,89,True,True,False,snapdragon,8,2.4,4000,1,,8,128,6.8,60,3,1,,64,32,0,,1080,2460
xiaomi,"Xiaomi Redmi Note 9 Pro Max",16490,80,False,False,True,snapdragon,8,2.3,5020,1,33.0,6,64,6.67,60,4,1,android,64,32,1,512.0,1080,2400
samsung,"Samsung Galaxy A52",24990,83,False,False,False,snapdragon,8,2.3,4500,1,25.0,6,128,6.5,90,4,1,android,64,32,1,1024.0,1080,2400
vivo,"Vivo Y71",25000,0,False,False,False,snapdragon,4,1.4,3360,0,,3,16,6,60,1,1,android,13,5,1,,720,1440
oppo,"OPPO Reno 10",32999,84,True,True,False,snapdragon,8,2.5,5000,1,120.0,8,256,6.73,120,3,1,android,50,32,0,,1080,2412
nokia,"Nokia G60",28498,81,True,True,False,snapdragon,8,2.2,4500,1,20.0,6,128,6.58,120,3,1,android,50,8,1,,1080,2400
motorola,"Motorola Edge 40 Pro 5G",59990,89,True,True,False,snapdragon,8,3.2,4800,1,125.0,8,128,6.7,165,3,1,android,50,60,0,,1080,2460
oppo,"Oppo K10x 5G",16990,78,True,False,False,snapdragon,8,2.2,5000,1,67.0,6,128,6.59,120,3,1,android,64,16,0,,1080,2412
iqoo,"iQOO Z6 Pro 5G (12GB RAM + 256GB)",27999,82,True,False,False,snapdragon,8,2.4,4700,1,66.0,12,256,6.44,90,3,1,android,64,16,0,,1080,2404
xiaomi,"Xiaomi Redmi 10C",13990,71,False,False,False,snapdragon,8,2.4,6000,1,18.0,4,64,6.7,60,2,1,android,50,5,1,512.0,720,1600
iqoo,"iQOO Neo 6 SE 5G",22990,83,True,False,False,snapdragon,8,3.2,4700,1,80.0,8,128,6.62,120,3,1,android,64,16,0,,1080,2400
iqoo,"iQOO 9 Pro 5G",59990,88,True,True,False,snapdragon,8,3,4700,1,120.0,8,256,6.78,120,3,1,android,50,16,0,,1440,3200
jio,"Jio JioPhone Next (3GB RAM + 32GB)",7499,0,False,False,False,snapdragon,4,1.3,3000,0,,3,32,5.5,60,1,1,android,13,8,1,,720,1440
realme,"Realme 7 Pro (8GB RAM + 128GB)",21999,85,False,False,False,snapdragon,8,2.3,4500,1,65.0,8,128,6.4,60,4,1,android,64,32,1,256.0,1080,2400
oneplus,"OnePlus Nord Lite",19999,77,False,False,False,snapdragon,8,2,4300,1,30.0,8,128,6.55,90,3,1,android,48,16,0,,1080,2400
samsung,"Samsung Galaxy S20 Ultra 5G",99999,0,True,True,False,exynos,8,2.73,5000,1,45.0,12,128,6.9,60,4,1,android,108,40,1,1024.0,1440,3200
apple,"Apple iPhone 11 Pro Max",109900,77,False,True,False,bionic,6,2.65,3500,1,18.0,4,64,6.5,60,3,1,ios,12,12,0,,1242,2688
sony,"Sony Xperia Ace IV",19990,80,False,True,False,snapdragon,8,2,5000,1,33.0,8,128,6.5,120,2,1,android,50,16,1,1024.0,1080,2400
vivo,"Vivo V28",28990,84,True,False,False,snapdragon,8,2.2,5000,1,80.0,8,256,6.7,120,3,1,android,108,32,1,,1080,2400
poco,"Poco F4 5G (8GB RAM + 128GB)",27999,85,True,True,False,snapdragon,8,3.2,4500,1,67.0,8,128,6.67,120,3,1,android,64,20,0,,1080,2400
vivo,"Vivo T1 44W (8GB RAM + 128GB)",17999,82,False,False,False,snapdragon,8,2.4,5000,1,44.0,8,128,6.44,60,3,1,android,50,16,1,1024.0,1080,2408
apple,"Apple iPhone 12 Pro (512GB)",139900,80,True,True,False,bionic,6,3.1,0,0,,6,512,6.1,60,3,1,ios,12,12,0,,1170,2532
sony,"Sony Xperia 1 II",69999,89,True,True,False,snapdragon,8,2.84,4000,1,21.0,8,256,6.5,60,4,1,android,12,8,1,,1644,3840
motorola,"Motorola Edge Plus",57999,89,True,True,False,snapdragon,8,2.84,5000,1,18.0,12,256,6.7,90,3,1,android,108,25,0,,1080,2340
samsung,"Samsung Galaxy Note 20",86000,87,False,True,False,exynos,8,2.73,4300,1,25.0,8,256,6.7,60,3,1,android,64,10,0,,1080,2400
xiaomi,"Xiaomi Redmi Note 12 Pro 4G",14999,77,False,True,True,snapdragon,8,2.3,5000,1,67.0,6,128,6.67,120,3,1,android,50,16,0,,1080,2400
realme,"Realme GT Neo 3T (8GB RAM + 128GB)",26499,81,True,False,False,snapdragon,8,3.2,5000,1,80.0,8,128,6.62,120,3,1,android,64,16,0,,1080,2400
apple,"Apple iPhone 14 (512GB)",95999,82,True,True,False,bionic,6,3.22,3279,1,,6,512,6.1,60,2,1,ios,12,12,0,,1170,2532
iqoo,"iQOO 9T 5G",47990,85,True,True,True,snapdragon,8,3.2,4700,1,120.0,8,128,6.78,120,3,1,android,50,16,0,,1080,2400
oneplus,"OnePlus Nord 2 Lite 5G",22999,83,True,True,False,snapdragon,8,2.2,5000,1,33.0,8,128,6.59,120,3,1,android,64,16,1,,1080,2412
samsung,"Samsung Galaxy S22 Ultra 5G (8GB RAM + 128GB)",99990,0,True,True,False,snapdragon,8,3,5000,1,45.0,8,128,6.8,120,4,1,android,108,40,0,,1440,3080
poco,"POCO F4 GT 5G",39999,86,True,True,True,snapdragon,8,3,4700,1,120.0,8,128,6.67,120,3,1,android,64,20,0,,1080,2400
xiaomi,"Xiaomi 11T Pro 5G (12GB RAM + 256GB)",38999,88,True,True,True,snapdragon,8,2.84,5000,1,120.0,12,256,6.67,120,3,1,android,108,16,0,,1080,2400
samsung,"Samsung Galaxy A83 5G",39990,86,True,True,False,snapdragon,8,3.2,4500,1,25.0,6,128,6.71,120,3,1,android,64,10,1,1024.0,1440,3200
asus,"Asus ROG Phone 6",71999,86,True,True,False,snapdragon,8,3.2,6000,1,65.0,12,256,6.78,165,3,1,android,50,12,0,,1080,2448
apple,"Apple iPhone SE 2020",39900,63,False,True,False,bionic,6,2.65,1821,1,18.0,3,64,4.7,60,1,1,ios,12,7,0,,750,1334
oppo,"OPPO Reno 9 Z",22990,84,True,True,False,snapdragon,8,2.2,4800,1,33.0,8,128,6.58,120,3,1,android,50,32,1,,1080,2400
oppo,"OPPO A96 4G",17999,80,False,False,False,snapdragon,8,2.4,5000,1,33.0,8,128,6.59,90,2,1,android,50,16,1,,1080,2412
honor,"Honor Magic 4 Pro Plus 5G",94990,0,True,True,False,snapdragon,8,3,4600,1,120.0,12,512,6.76,120,4,2,android,50,13,0,,1344,2772
xiaomi,"Xiaomi Mi 11X 5G (8GB RAM + 128GB)",25990,83,True,False,True,snapdragon,8,3.2,4520,1,33.0,8,128,6.67,120,3,1,android,48,20,0,,1080,2400
xiaomi,"Xiaomi Redmi Note 10 (6GB RAM + 128GB)",16499,78,False,False,True,snapdragon,8,2.2,5000,1,33.0,6,128,6.43,60,4,1,android,48,13,1,512.0,1080,2400
xiaomi,"Xiaomi Redmi Note 10 Pro Max",19999,81,False,False,True,snapdragon,8,2.3,5020,1,33.0,6,64,6.67,120,4,1,android,108,16,1,512.0,1080,2400
xiaomi,"Xiaomi Mi 10T 5G",23500,80,True,True,False,snapdragon,8,2.84,5000,1,33.0,6,128,6.67,144,3,1,android,64,20,0,,2400,1080
lg,"LG Velvet 5G",54999,85,True,True,False,snapdragon,8,2.4,4300,1,25.0,6,128,6.8,60,3,1,android,48,16,1,,1080,2460
motorola,"Motorola One Fusion Plus",19499,80,False,False,False,snapdragon,8,2.2,5000,1,18.0,6,128,6.5,60,4,1,android,64,16,1,1024.0,1080,2340
lg,"LG V60 ThinQ",79990,0,True,True,False,snapdragon,8,2.84,5000,1,,8,128,6.8,60,3,1,,64,10,0,,1080,2460
samsung,"Samsung Galaxy Note 10 Lite",39999,83,False,True,False,exynos,8,2.7,4500,1,25.0,6,128,6.7,60,3,1,android,12,32,1,1024.0,1080,2400
samsung,"Samsung Galaxy Note 10 Plus 5G",92999,89,True,True,True,exynos,8,2.7,4300,1,,12,256,6.8,60,4,1,android,12,10,1,512.0,1440,3040
iqoo,"iQOO Neo 7 Racing Edition",32990,84,True,True,True,snapdragon,8,3.2,5000,1,120.0,8,256,6.78,120,3,1,android,50,16,0,,1080,2400
samsung,"Samsung Galaxy A04s (4GB RAM + 128GB)",14499,72,False,False,False,exynos,8,2,5000,1,15.0,4,128,6.5,90,3,1,android,50,5,1,1024.0,720,1600
samsung,"Samsung Galaxy A24",17999,77,False,False,False,exynos,8,1.8,4000,1,15.0,6,64,6.4,60,3,1,android,48,16,1,1024.0,1080,2408
honor,"Honor Play 30",9999,68,True,False,False,snapdragon,8,2.2,5000,0,,4,128,6.5,60,1,1,android,13,5,1,,720,1600
sony,"Sony Xperia 5 IV 5G",82199,89,True,True,False,snapdragon,8,3,5000,1,30.0,8,256,6.1,120,3,1,android,12,12,1,,1080,2520
nubia,"Nubia Z40 Pro 5G",49990,84,True,True,False,snapdragon,8,3,5000,1,80.0,8,128,6.67,144,3,1,android,64,16,0,,1080,2400
xiaomi,"Xiaomi 12 Lite 5G",29990,82,True,True,False,snapdragon,8,2.4,4300,1,67.0,6,128,6.55,120,3,1,android,108,32,0,,1080,2400
oppo,"Oppo Find N 5G",92249,0,True,True,False,snapdragon,8,2.84,4500,1,33.0,8,256,7.1,120,3,1,android,50,32,0,,1792,1920
apple,"Apple iPhone 13 Pro Max (256GB)",139900,84,True,True,False,bionic,6,3.22,4352,1,,6,256,6.7,120,3,1,ios,12,12,0,,1284,2778
oppo,"OPPO F19s",15988,79,False,False,False,snapdragon,8,2,5000,1,33.0,6,128,6.43,60,3,1,android,48,16,1,256.0,1080,2400
samsung,"Samsung Galaxy M21 2021",11725,76,False,False,False,exynos,8,2.3,6000,1,15.0,4,64,6.4,60,3,1,android,48,20,1,512.0,1080,2340
oppo,"OPPO X 2021",134999,86,False,False,False,snapdragon,8,2.84,4000,1,45.0,8,256,7.4,60,3,1,android,64,16,0,,1440,3200
oneplus,"OnePlus Nord N10",25595,81,True,True,False,snapdragon,8,2,4300,1,30.0,6,128,6.49,90,4,1,android,64,16,1,512.0,1080,2400
motorola,"Motorola Moto G 5G",19990,82,True,True,False,snapdragon,8,2.2,5000,1,20.0,6,128,6.67,60,3,1,android,48,16,1,1024.0,1080,2400
samsung,"Samsung Galaxy A50s",15990,80,False,True,False,exynos,8,2.3,4000,1,15.0,4,128,6.4,60,3,1,android,48,32,1,512.0,1080,2340
samsung,"Samsung Galaxy Note 10 Plus",58999,89,False,True,False,exynos,8,2.73,4300,1,45.0,12,256,6.8,60,4,1,android,12,10,1,1024.0,1440,3040
vivo,"Vivo S1 Pro",29999,82,False,False,False,snapdragon,8,2,4500,1,18.0,8,128,6.38,60,4,1,android,48,32,1,256.0,1080,2340
vivo,"Vivo T3 Pro",31990,86,True,False,False,snapdragon,8,2.7,4700,1,80.0,8,256,6.67,120,3,1,android,64,32,1,1024.0,1080,2408
motorola,"Motorola Moto Edge 30 Neo",31990,84,True,True,False,snapdragon,8,2.2,4020,1,68.0,8,128,6.28,120,2,1,android,64,32,0,,1080,2400
huawei,"Huawei Mate Xs 2",162990,89,False,True,True,snapdragon,8,2.84,4600,1,66.0,8,512,7.8,120,3,1,,50,10.7,0,,2200,2480
iqoo,"iQOO Z7 Pro 5G",24999,80,True,False,False,snapdragon,8,2.36,5000,1,67.0,6,128,6.62,144,3,1,android,50,16,1,1024.0,1080,2412
apple,"Apple iPhone 15",82990,72,False,True,False,bionic,0,0,3285,1,,6,128,6.06,60,2,1,ios,50,13,0,,1170,2532
vivo,"Vivo X80 Pro Plus 5G",82990,0,True,True,False,snapdragon,8,3.2,4500,1,120.0,12,256,6.78,120,4,1,android,50,32,0,,1440,3200
huawei,"Huawei Nova 9",29990,83,False,True,False,snapdragon,8,2.4,4300,1,66.0,8,128,6.57,120,4,1,other,50,32,0,,1080,2340
huawei,"Huawei P50 Pro 4G",60999,0,False,True,True,snapdragon,8,2.84,4360,1,66.0,8,256,6.6,120,4,1,other,50,13,1,256.0,1288,2700
realme,"Realme Q3",14999,80,True,False,False,snapdragon,8,2.2,5000,1,30.0,6,128,6.5,120,3,1,android,48,16,1,,1080,2400
oppo,"OPPO Reno 6 Pro Plus 5G",44990,87,True,True,False,snapdragon,8,3.2,4500,1,65.0,8,128,6.55,90,4,1,android,50,32,0,,1080,2400
motorola,"Motorola Edge S",22490,87,True,True,False,snapdragon,8,3.2,5000,1,20.0,6,128,6.7,90,4,2,android,64,16,1,,1080,2520
oppo,"Oppo Find X3 Pro",50990,0,True,True,False,snapdragon,8,2.84,4500,1,65.0,12,256,6.7,120,4,1,android,50,32,0,,1440,3216
poco,"Poco M3",11499,75,False,False,True,snapdragon,8,2,6000,1,18.0,6,64,6.53,60,3,1,android,48,8,1,512.0,1080,2340
vivo,"Vivo V20 Pro",27000,84,True,False,False,snapdragon,8,2.4,4000,1,33.0,8,128,6.44,60,3,2,android,64,44,0,,1080,2400
xiaomi,"Xiaomi Mi 10T Pro 5G",29999,86,True,True,True,snapdragon,8,2.84,5000,1,33.0,8,128,6.67,144,3,1,android,108,20,0,,1080,2400
vivo,"Vivo V19 (8GB RAM + 256GB)",27990,84,False,False,False,snapdragon,8,2.3,4500,1,33.0,8,256,6.44,60,4,2,android,48,32,1,512.0,1080,2400
samsung,"Samsung Galaxy S20 5G",74999,89,True,True,False,exynos,8,2.73,4000,1,25.0,8,128,6.2,60,3,1,android,64,10,1,1024.0,1440,3200
vivo,"Vivo U3",9990,72,False,False,False,snapdragon,8,2,5000,1,18.0,4,64,6.53,60,3,1,android,16,16,1,256.0,1080,2340
oppo,"Oppo K5 (8GB RAM + 128GB)",19990,82,False,False,False,snapdragon,8,2.2,4000,1,30.0,8,128,6.4,60,4,1,android,64,32,1,256.0,1080,2340
realme,"Realme XT",13279,75,False,False,False,snapdragon,8,2.3,4000,1,20.0,4,64,6.4,60,4,1,android,64,16,1,256.0,1080,2340
xiaomi,"Xiaomi Poco F1 (6GB RAM + 128GB)",12999,78,False,False,False,snapdragon,8,2.8,4000,1,,6,128,6.18,60,2,1,android,12,20,1,256.0,1080,2246
xiaomi,"Xiaomi Redmi K60 Gaming Edition",54990,86,True,True,True,snapdragon,8,3.2,5000,1,67.0,8,128,6.73,120,3,1,android,50,20,0,,1440,3200
honor,"Honor 80 Pro Plus",54990,0,True,True,False,snapdragon,8,3,4500,1,100.0,12,256,6.78,120,3,1,android,200,50,0,,1200,2652
apple,"Apple iPhone SE 4",49990,60,True,True,False,bionic,6,3.22,0,0,,4,64,6.1,60,1,1,ios,12,10.8,0,,750,1580
apple,"Apple iPhone 14 Pro Max (512GB)",169900,78,True,True,False,bionic,6,0,4323,1,,6,512,6.7,120,3,1,ios,48,12,0,,1290,2796
motorola,"Motorola Moto G52 5G",16999,76,True,True,False,snapdragon,8,2.2,5000,1,33.0,4,64,6.6,90,3,1,android,50,16,1,,2460,1080
motorola,"Motorola Edge 40 5G",34999,86,True,True,False,snapdragon,8,2.36,4200,1,67.0,8,128,6.5,144,3,1,android,50,32,0,,1080,2412
vivo,"Vivo X Note 5G (12GB RAM + 512GB)",82990,0,True,True,True,snapdragon,8,3,5000,1,80.0,12,512,7,120,4,1,android,50,16,0,,1440,3080
realme,"Realme GT 2 Pro 5G (12GB RAM + 256GB)",46999,89,True,True,False,snapdragon,8,3,5000,1,65.0,12,256,6.7,120,3,1,android,50,32,0,,1440,3216
honor,"Honor X8",16999,76,False,False,False,snapdragon,8,2.4,4000,1,22.0,6,128,6.7,90,4,1,android,64,16,0,,1080,2388
samsung,"Samsung Galaxy S22 Plus 5G (8GB RAM + 256GB)",88999,88,True,True,False,snapdragon,8,3,4500,1,45.0,8,256,6.6,120,3,1,android,50,10,0,,1080,2340
vivo,"Vivo Y33T",15990,81,False,False,False,snapdragon,8,2.4,5000,1,18.0,8,128,6.58,90,3,1,android,50,16,1,1024.0,1080,2408
oppo,"Oppo Find X5 Pro 5G",79990,0,True,True,False,snapdragon,8,3,5000,1,80.0,8,256,6.7,120,3,1,android,50,32,0,,1440,3216
vivo,"Vivo Y21e",12499,69,False,False,False,snapdragon,8,2.4,5000,1,18.0,3,64,6.51,60,2,1,android,13,8,1,1024.0,720,1600
apple,"Apple iPhone 13 Pro Max (1TB)",179900,86,True,True,False,bionic,6,3.22,4352,1,,6,1024,6.7,120,3,1,ios,12,12,0,,1284,2778
vivo,"Vivo Y12G (3GB RAM + 64GB)",11990,68,False,False,False,snapdragon,8,2,5000,0,,3,64,6.51,60,3,1,android,13,8,1,,720,1600
xiaomi,"Xiaomi 12 Ultra 5G",75999,0,True,True,True,snapdragon,8,3.2,4800,1,67.0,12,256,6.73,120,3,1,android,50,20,0,,1440,3200
xiaomi,"Xiaomi Mi Mix Fold",109990,0,True,True,True,snapdragon,8,2.84,5020,1,67.0,12,256,8.01,90,3,1,android,108,20,0,,1860,2480
xiaomi,"Xiaomi Redmi 9 Power",11499,74,False,False,True,snapdragon,8,2,6000,1,18.0,4,64,6.53,60,4,1,android,48,8,1,512.0,1080,2340
samsung,"Samsung Galaxy S21 Plus",59450,88,True,True,False,exynos,8,2.9,4800,1,25.0,8,128,6.7,120,3,1,android,64,10,0,,1080,2400
poco,"POCO M2 Pro",12799,76,False,False,True,snapdragon,8,2.3,5000,1,33.0,4,64,6.67,60,4,1,android,48,16,1,512.0,1080,2400
samsung,"Samsung Galaxy S20 Plus",83000,88,False,True,False,exynos,8,2.73,4500,1,25.0,8,128,6.7,120,4,1,android,64,10,1,1024.0,1440,3200
realme,"Realme 6 Pro",14490,80,False,False,False,snapdragon,8,2.3,4300,1,30.0,6,64,6.6,90,4,2,android,64,16,1,256.0,1080,2400
vivo,"Vivo Y11 (2019)",9490,64,False,False,False,snapdragon,8,2,5000,0,,3,32,6.35,60,2,1,android,13,8,1,256.0,720,1544
vivo,"Vivo V15 Pro (8GB RAM +128GB)",25000,78,False,False,False,snapdragon,8,2,3700,1,,8,128,6.39,60,3,1,android,48,32,1,256.0,1080,2316
vivo,"Vivo Y95",15000,65,False,False,False,snapdragon,8,1.95,4030,0,,4,64,6.22,60,2,1,android,13,20,1,256.0,1520,720
samsung,"Samsung Galaxy S9 Plus (128GB)",34999,78,False,True,False,exynos,8,2.8,3500,1,,6,128,6.2,60,2,1,android,12,8,1,512.0,1440,2960
realme,"Realme GT Neo 4T",29999,80,True,False,False,snapdragon,8,3,5000,1,120.0,8,128,6.73,144,3,1,android,50,16,0,,1080,2400
leitz,"Leitz Phone 2",124990,89,True,True,False,snapdragon,8,3,5000,1,,12,256,6.6,240,2,1,android,47.2,12.6,1,1024.0,1260,2730
realme,"Realme GT Neo 3T (8GB RAM + 256GB)",28499,82,True,False,False,snapdragon,8,3.2,5000,1,80.0,8,256,6.62,120,3,1,android,64,16,0,,1080,2400
apple,"Apple iPhone 14 Plus (512GB)",104999,83,True,True,False,bionic,6,3.22,4325,1,,6,512,6.7,60,2,1,ios,12,12,0,,1284,2778
apple,"Apple iPhone 14 Pro (1TB)",172999,77,True,True,False,bionic,6,0,3200,1,,6,1024,6.1,120,3,1,ios,48,12,0,,1179,2556
xiaomi,"Xiaomi Redmi 13 Prime 5G",17990,79,True,False,True,snapdragon,8,2,5100,1,18.0,6,128,6.73,120,2,1,android,64,16,1,1024.0,1080,2408
xiaomi,"Xiaomi Redmi K50 Ultra 5G",39999,85,True,True,True,snapdragon,8,3.2,5000,1,120.0,8,128,6.67,144,3,1,android,108,20,0,,1220,2712
poco,"Poco X6 Pro 5G",19999,72,True,False,False,snapdragon,8,0,5000,1,,6,128,6.67,120,4,1,android,64,32,1,1024.0,1080,2400
samsung,"Samsung Galaxy M14",14999,60,False,False,False,exynos,8,0,6000,0,,4,64,6.5,60,3,1,android,48,8,1,512.0,720,1600
vivo,"Vivo T2 Pro 5G",29990,76,True,False,False,snapdragon,8,0,4500,1,67.0,8,128,6.44,90,3,1,android,50,16,1,1024.0,1080,2408
vivo,"Vivo Y21T",15499,74,False,False,False,snapdragon,8,2.4,5000,1,18.0,4,128,6.51,90,3,1,android,50,8,1,1024.0,1600,720
xiaomi,"Xiaomi Redmi Note 10 Lite (4GB RAM + 128GB)",12499,77,False,False,True,snapdragon,8,2.3,5020,1,18.0,4,128,6.67,60,4,1,android,48,16,1,512.0,1080,2400
apple,"Apple iPhone 13 (512GB)",91999,80,True,True,False,bionic,6,3.22,3240,1,,4,512,6.1,60,2,1,ios,12,12,0,,1170,2532
realme,"Realme GT Explorer Master Edition",32990,85,True,True,False,snapdragon,8,3.2,4500,1,65.0,8,128,6.55,120,3,1,android,50,32,0,,1080,2400
xiaomi,"Xiaomi Mi 12 5G",42990,87,True,True,True,snapdragon,8,3,4500,1,67.0,8,128,6.28,120,3,1,android,50,32,0,,1080,2400
cat,"CAT S22 Flip",14999,0,False,False,False,snapdragon,4,1.3,2000,0,,2,16,4,60,1,1,,5,2,0,,480,640
xiaomi,"Xiaomi Mi 11 Lite (8GB RAM + 128GB)",18699,82,False,False,True,snapdragon,8,2.3,4250,1,33.0,8,128,6.55,90,3,1,android,64,16,1,512.0,1080,2400
xiaomi,"Xiaomi Mi 11X Pro",30990,85,True,False,True,snapdragon,8,2.84,4520,1,33.0,8,128,6.67,120,3,1,android,108,20,0,,1080,2400
lenovo,"Lenovo Legion Pro 2",59999,89,True,True,False,snapdragon,8,2.84,5000,1,120.0,16,512,6.5,144,2,1,android,64,20,0,,1080,2400
samsung,"Samsung Galaxy M62",23999,83,False,True,False,exynos,8,2.73,7000,1,,6,128,6.71,60,4,1,android,64,32,1,1024.0,1080,2400
apple,"Apple iPhone 12 Pro (256GB)",119900,80,True,True,False,bionic,6,3.1,0,0,,6,256,6.1,60,3,1,ios,12,12,0,,1170,2532
oppo,"Oppo Reno 5",29990,83,True,False,False,snapdragon,8,2.4,4300,1,65.0,8,128,6.43,60,4,1,android,64,32,0,,1080,2400
sony,"Sony Xperia 10 II",27999,75,False,True,False,snapdragon,8,2,3600,1,18.0,4,128,6,90,3,1,android,12,8,1,,1080,2520
vivo,"Vivo U3 (6GB RAM + 64GB)",11990,74,False,False,False,snapdragon,8,2,5000,1,18.0,6,64,6.53,60,3,1,android,16,16,1,256.0,1080,2340
xiaomi,"Xiaomi Redmi 8 (4GB RAM + 64GB)",11490,66,False,False,True,snapdragon,8,2,5000,1,18.0,4,64,6.22,60,2,1,android,12,8,1,512.0,720,1520
google,"Google Pixel 3a XL",15999,67,False,True,False,snapdragon,8,2,3700,1,18.0,4,64,6,60,1,1,android,12.2,8,0,,1080,2160
samsung,"Samsung Galaxy A40",17990,69,False,False,False,exynos,8,2.2,3100,1,15.0,4,64,5.9,60,2,1,android,16,25,1,512.0,1080,2340
samsung,"Samsung Galaxy S10 5G",78990,86,True,True,False,exynos,8,2.7,4500,1,25.0,8,256,6.7,60,3,1,android,16,10,1,512.0,1440,3040
xiaomi,"Xiaomi Redmi Note 4",10300,65,False,False,False,snapdragon,8,2,4100,0,,4,64,5.5,60,1,1,android,13,5,1,128.0,1080,1920
iqoo,"iQOO Z9",19990,76,True,False,False,snapdragon,8,0,5000,1,45.0,8,128,6.67,120,3,1,android,64,16,1,1024.0,1080,2412
vivo,"Vivo V29",32990,84,True,False,False,snapdragon,8,2.4,5000,1,80.0,8,256,6.67,120,3,1,android,64,32,1,,1080,2400
nokia,"Nokia X30",41990,85,True,True,False,snapdragon,8,2.2,4200,1,33.0,6,128,6.43,90,2,1,android,50,16,1,1024.0,1080,2400
huawei,"Huawei Nova 10",29990,82,False,False,False,snapdragon,8,2.4,4000,1,66.0,8,128,6.67,120,3,1,other,50,60,0,,1080,2400
huawei,"Huawei Nova Y90",22990,82,False,True,False,snapdragon,8,2.4,5000,1,40.0,8,128,6.7,90,4,1,other,50,8,1,,1080,2388
oneplus,"OnePlus Nord 4 5G",29999,83,True,True,False,snapdragon,8,2.36,4500,1,80.0,8,128,6.43,120,3,1,android,50,32,0,,1080,2412
iqoo,"iQOO 9 5G (12GB RAM + 256GB)",39990,85,True,False,False,snapdragon,8,2.9,4350,1,120.0,12,256,6.56,120,3,1,android,48,16,0,,1080,2376
oppo,"Oppo A96 5G",22990,82,True,False,False,snapdragon,8,2.2,4500,1,33.0,8,256,6.43,60,2,1,android,48,16,1,,1080,2400
royole,"Royole FlexPai 3 5G",149999,87,True,False,False,snapdragon,8,2.84,3360,0,,8,128,7.2,60,3,1,,64,32,0,,1440,1920
realme,"Realme GT Neo2 5G",31999,82,True,True,False,snapdragon,8,3.2,5000,1,65.0,8,128,6.62,120,3,1,android,64,16,0,,2400,1080
sony,"Sony Xperia 10 III Lite 5G",30990,78,True,True,False,snapdragon,8,2,4500,1,30.0,6,64,6,60,3,1,android,12,8,1,,1080,2520
motorola,"Motorola Moto G40 Fusion",14499,77,False,False,False,snapdragon,8,2.3,6000,1,20.0,4,64,6.78,120,3,1,android,64,16,1,256.0,1080,2460
oneplus,"OnePlus 9T",44999,86,True,True,False,snapdragon,8,2.84,4500,1,65.0,8,128,6.55,120,4,1,android,108,16,0,,1080,2400
samsung,"Samsung Galaxy S21 Ultra 5G (12GB RAM + 128GB)",101999,0,True,True,False,exynos,8,2.9,5000,1,25.0,12,128,6.8,120,4,1,android,108,40,0,,1440,3200
oneplus,"OnePlus Nord SE",19999,73,False,False,False,snapdragon,8,2,4500,1,65.0,4,64,6.3,60,4,1,android,48,13,1,256.0,1080,2400
samsung,"Samsung Galaxy M12",10999,72,False,False,False,exynos,8,2,6000,1,15.0,4,64,6.5,90,4,1,android,48,8,1,1024.0,720,1600
oneplus,"OnePlus Nord N100",16990,68,False,False,False,snapdragon,8,1.8,5000,1,18.0,4,64,6.52,90,3,1,android,13,8,1,256.0,720,1600
apple,"Apple iPhone 12 Mini (256GB)",55999,75,True,True,False,bionic,6,3.1,0,0,,4,256,5.4,60,2,1,ios,12,12,0,,1080,2340
apple,"Apple iPhone 12 (256GB)",67999,76,True,True,False,bionic,6,3.1,0,0,,4,256,6.1,60,2,1,ios,12,12,0,,1170,2532
xiaomi,"Xiaomi Redmi Note 9 Pro (4GB RAM + 128GB)",14439,77,False,False,True,snapdragon,8,2.3,5020,1,18.0,4,128,6.67,60,4,1,android,48,16,1,512.0,1080,2400
realme,"Realme X50 Pro 5G (8GB RAM + 128GB)",24999,85,True,True,False,snapdragon,8,2.84,4200,1,65.0,8,128,6.44,90,4,2,android,64,32,0,,1080,2400
samsung,"Samsung Galaxy S20 Plus 5G",85990,0,True,True,False,exynos,8,2.73,4500,1,25.0,8,128,6.7,60,4,1,android,64,10,1,1024.0,1440,3200
xiaomi,"Xiaomi Redmi K20 Pro Signature Edition",480000,88,False,True,False,snapdragon,8,2.8,4000,1,27.0,8,256,6.39,60,3,1,android,48,20,0,,1080,2340
lyf,"Lyf Earth 2",3890,0,False,False,False,snapdragon,8,1.5,2500,0,,3,32,5,60,1,1,android,13,13,1,64.0,1080,1920
apple,"Apple iPhone 15 Plus",84990,75,True,True,False,bionic,6,0,4532,1,,8,128,6.71,120,2,1,ios,12,12,0,,1284,2778
zte,"ZTE Axon 30S",19999,82,True,True,False,snapdragon,8,3.2,4200,1,55.0,6,128,6.9,120,4,1,android,50,16,1,,1080,2460
xiaomi,"Xiaomi Civi 2",29999,85,True,True,True,snapdragon,8,2.4,4500,1,67.0,8,128,6.55,120,3,2,android,50,32,0,,1080,2400
samsung,"Samsung Galaxy Z Fold 4 (12GB RAM + 1TB)",163980,0,True,True,False,snapdragon,8,3.2,4400,1,25.0,12,1024,7.6,120,3,2,android,50,10,0,,1812,2176
nothing,"Nothing Phone 1 Lite",24990,80,True,True,False,snapdragon,8,2.5,5000,1,33.0,6,128,6.55,120,2,1,android,50,16,0,,1080,2400
motorola,"Motorola Moto Edge X30 Pro",59990,0,True,True,False,snapdragon,8,3.2,4450,1,125.0,8,128,6.67,144,3,1,android,200,60,0,,1080,2340
oneplus,"OnePlus Ace Pro",47990,86,True,True,False,snapdragon,8,3.2,4800,1,150.0,12,256,6.7,120,3,1,android,50,16,0,,1080,2412
realme,"Realme GT 2 Explorer Master Edition",40990,86,True,True,False,snapdragon,8,3.2,5000,1,100.0,8,128,6.7,120,3,1,android,50,16,0,,1080,2412
iqoo,"iQOO Z8 5G",14999,78,True,False,False,snapdragon,8,2.2,5000,1,18.0,4,128,6.58,120,3,1,android,50,16,1,1024.0,1080,2412
vivo,"Vivo Y55 4G",22990,83,False,False,False,snapdragon,8,2.4,5000,1,44.0,8,128,6.44,120,3,1,android,50,16,1,1024.0,1080,2400
vivo,"Vivo X Fold 5G (12GB RAM + 512GB)",118990,0,True,True,False,snapdragon,8,3,4600,1,66.0,12,512,8.03,120,4,1,android,50,16,0,,1916,2160
oppo,"Oppo K10 Pro 5G",29990,81,True,False,False,snapdragon,8,2.84,5000,1,80.0,8,128,6.62,120,3,1,android,50,16,0,,1080,2400
iqoo,"iQOO Z7 5G",17999,80,True,False,False,snapdragon,8,2.2,4200,1,55.0,8,128,6.67,120,3,1,android,50,16,0,,1080,2400
apple,"Apple iPhone 13 Pro (1TB)",147900,84,True,True,False,bionic,6,3.22,3095,1,,6,1024,6.1,120,3,1,ios,12,12,0,,1170,2532
nubia,"Nubia Red Magic 6S 5G",44999,84,True,True,False,snapdragon,8,2.9,5050,1,30.0,8,128,6.8,165,3,1,android,64,8,0,,1080,2400
nokia,"Nokia X60 5G",39990,87,True,False,False,snapdragon,8,3.2,6000,1,33.0,6,128,6.51,144,4,1,other,200,16,1,,1080,2400
vivo,"Vivo Y12a",9999,65,False,False,False,snapdragon,8,2,5000,0,,3,32,6.51,60,2,1,android,13,8,1,,720,1600
oppo,"Oppo Reno 5A",22990,80,True,False,False,snapdragon,8,2.4,4000,1,18.0,6,128,6.5,90,4,1,android,64,16,1,1024.0,1080,2400
honor,"Honor 50",32990,85,True,True,False,snapdragon,8,2.4,4300,1,66.0,6,128,6.57,120,4,1,android,108,32,0,,1080,2340
iqoo,"iQOO 7 Legend",39990,84,True,True,False,snapdragon,8,2.84,4000,1,66.0,8,128,6.62,120,3,1,android,48,16,0,,1080,2400
realme,"Realme GT 5G",30994,85,True,True,False,snapdragon,8,2.84,4500,1,65.0,8,128,6.43,120,3,1,android,64,16,0,,1080,2400
google,"Google Pixel 5A",32999,78,True,True,False,snapdragon,8,2.4,4620,1,18.0,6,128,6.34,60,2,1,android,16,8,0,,1080,2400
samsung,"Samsung Galaxy F12",10499,73,False,False,False,exynos,8,2,6000,1,15.0,4,64,6.5,90,4,1,android,48,8,1,512.0,720,1600
samsung,"Samsung Galaxy F41 (6GB RAM + 128GB)",19999,82,False,False,False,exynos,8,2.3,6000,1,15.0,6,128,6.4,60,3,1,android,64,32,1,512.0,1080,2340
samsung,"Samsung Galaxy A21s (6GB RAM + 128GB)",17499,75,False,False,False,exynos,8,2,5000,0,,6,128,6.5,60,4,1,android,48,13,1,512.0,720,1600
vivo,"Vivo V20 SE",19000,82,False,False,False,snapdragon,8,2,4100,1,33.0,8,128,6.44,60,3,1,android,48,32,1,,1080,2400
oppo,"OPPO A53 2020 (6GB RAM + 128GB)",13990,70,False,False,False,snapdragon,8,1.8,5000,1,18.0,6,128,6.5,90,3,1,android,13,16,1,256.0,1600,720
xiaomi,"Xiaomi Mi 10 5G (8GB RAM + 256GB)",54999,88,True,True,True,snapdragon,8,2.84,4780,1,30.0,8,256,6.67,90,4,1,android,108,20,0,,1080,2340
vivo,"Vivo Y21 (2020)",9990,65,False,False,False,snapdragon,8,1.8,5000,0,,4,64,6.5,60,2,1,android,13,13,1,256.0,720,1544
oneplus,"OnePlus Z",24999,79,False,False,False,snapdragon,8,2.4,4300,1,30.0,8,128,6.55,90,3,1,android,64,16,0,,1080,2400
sharp,"Sharp Aquos R5G",59990,88,False,True,False,snapdragon,8,2.84,3730,1,,12,256,6.5,60,3,1,android,48,16,1,1024.0,1440,3168
samsung,"Samsung Galaxy A9 Pro (2019)",39990,78,False,True,False,snapdragon,8,2.2,3400,1,,6,128,6.4,60,3,1,android,24,24,1,512.0,1080,2340
samsung,"Samsung Galaxy A7 (2018)",21490,70,False,False,False,exynos,8,2.2,3300,0,,4,64,6,60,3,1,android,24,24,1,512.0,2220,1080
vivo,"Vivo Y55S",13490,0,False,False,False,snapdragon,4,1.2,2730,0,,3,16,5.2,60,1,1,android,13,5,1,,720,1280
motorola,"Motorola Edge 40 Fusion",42990,87,True,True,False,snapdragon,8,3.2,4500,1,68.0,8,128,6.67,144,3,1,android,50,32,0,,1080,2400
xiaomi,"Xiaomi 14",54999,89,True,True,True,snapdragon,8,3.2,5000,1,67.0,12,256,6.43,120,3,1,android,50,32,0,,1440,3200
motorola,"Motorola ThinkPhone",49990,89,True,True,False,snapdragon,8,3.2,5000,1,68.0,8,128,6.6,144,3,2,android,50,32,0,,1080,2400
oppo,"Oppo Find X6",69990,89,True,True,False,snapdragon,8,3.2,4700,1,120.0,8,256,6.73,120,3,1,android,50,32,0,,1080,2400
vivo,"Vivo X Fold 2",119990,0,True,True,False,snapdragon,8,3.2,4800,1,66.0,12,256,8.03,120,3,1,android,50,32,0,,1916,2160
motorola,"Motorola Moto Edge S30 Pro",34990,83,True,False,False,snapdragon,8,3,5000,1,68.0,8,128,6.67,120,3,1,android,64,16,0,,1080,2460
honor,"Honor X8 5G",14990,75,True,False,False,snapdragon,8,2.2,5000,1,22.0,6,128,6.5,60,3,1,android,48,8,1,1024.0,720,1600
motorola,"Motorola Moto G91 5G",19990,80,True,True,False,snapdragon,8,2.2,5000,1,,6,128,6.8,60,3,1,android,108,32,1,1024.0,1080,2400
